"2026-02-03T21:21:15.220","Mod 5_day_Check","Symbol","Cmp","%ch5","Lch5","Sl","Target","5d_high","R_vol","Forward pe","Pe","Rsi","Sector","Industry","Adx","%ch y_low","Srs","Ars","Srs y","Ars y","Lc","Low","%ch sl","%ch sl atr","Atr%","%ch_3low","Column26"
"2026-02-03T21:21:15.220","Mod 5_day_Check","INFOBEAN","911.40","5.32","-12.67","823.61","951.29","934.65","3.81","28.62","27.33","50.70","i.t","computers - software - medium / small","36.09","-5.51","0.312","1.28","0.312","0.902","19.17","744.70","7.75","-22.22","10.07","21.74","20.95"
"2026-02-03T21:21:15.220","Mod 5_day_Check","MTARTECH","3239","21.00","-2.28","2527.37","2875.83","3269","1.32","71.79","146.96","42.55","aerospace & defence","engineering","21.27","-7.23","0.674","0.596","0.674","0.496","6.44","2538.10","6.89","-9.98","5.10","14.23","9.96"
"2026-02-03T21:21:15.220","Mod 5_day_Check","BHAGYANGR","173.81","9.88","-9.56","165.03","186.27","193","0.302","10.84","14.81","51.03","power & utilities","power generation and supply","18.98","-5.85","0.618","1.25","0.618","1.15","0","175.65","6.44","-8.85","5.69","11.86","21.91"
"2026-02-03T21:21:15.220","Mod 5_day_Check","GRAPHITE","624.95","2.44","-13.15","627.79","695.71","677.90","1.32","39.96","48.83","49.26","industrials","electrodes - graphites","20.82","-4.41","0.107","0.315","0.107","0.250","5.50","627.25","5.41","-9.40","4.75","9.91","15.17"
"2026-02-03T21:21:15.220","Mod 5_day_Check","CRAFTSMAN","7712.50","5.66","-9.00","7509.48","8050.52","8220","2.28","41.63","48.39","43.65","auto","auto ancillaries","19.08","-6.38","0.111","0.432","0.111","0.396","3.85","7491.50","3.60","-7.19","4.26","9.22","9.30"
"2026-02-03T21:21:15.220","Mod 5_day_Check","CUB","298.50","10.50","-7.43","269.21","317.39","324.10","0.553","16.66","16.86","47.92","bank","banks - private sector","20.39","1.41","0.322","0.464","0.322","0.421","3.73","282.75","8.95","-7.62","3.95","8.61","7.35"
"2026-02-03T21:21:15.220","Mod 5_day_Check","PFC","392.60","5.47","-3.41","365.61","400.49","404","2.10","5.64","5.14","46.67","financials","finance - term-lending institutions","21.27","-2.85","-0.141","-0.114","-0.141","-0.162","5.77","362.15","4.77","-7.00","2.99","7.43","7.74"
"2026-02-03T21:21:15.220","Mod 5_day_Check","COALINDIA","429.40","3.94","-6.99","426.97","461.13","461.55","2.50","15.18","8.36","54.14","metals & mining","mining / minerals / metals","39.25","-3.07","0.066","0.060","0.066","0.011","5.32","421.60","4.00","-6.24","2.75","6.90","9.59"
"2026-02-03T21:21:15.220","Mod 5_day_Check","PETRONET","297.40","2.86","-3.60","278.10","303.20","298.95","1.25","13.42","11.86","46.79","energy","miscellaneous","18.21","-1.56","-0.086","-0.124","-0.086","-0.162","5.27","276.10","4.51","-6.45","2.84","6.54","5.80"
"2026-02-03T21:21:15.220","Mod 5_day_Check","UNIONBANK","174.41","0.775","-9.25","175.38","188.48","183.34","1.54","6.56","6.90","62.48","bank","banks - public sector","35.87","-0.665","0.263","0.322","0.263","0.275","3.81","175.25","3.74","-6.52","3.30","5.93","12.94"
"2026-02-03T21:21:15.220","Mod 5_day_Check","TMB","597","8.81","-0.516","561.73","581.37","621.90","1.26","7.44","7.70","55.51","bank","banks - private sector","28.97","-2.83","0.174","0.233","0.174","0.203","1.89","560.95","1.75","-5.63","3.33","4.86","9.70"
"2026-02-03T21:21:15.220","Mod 5_day_Check","CANBK","147.34","1.93","-12.51","151.86","163.62","160.79","1.13","6.36","7.23","50.30","bank","banks - public sector","17.45","-0.660","0.320","0.415","0.320","0.390","3.57","152.31","3.87","-5.89","2.89","4.52","4.22"
"2026-02-03T21:21:15.220","Mod 5_day_Check","MUTHOOTFIN","3624.20","4.90","-13.78","3871.19","4039.81","4149.50","1.02","15.03","19.35","45.62","financials","finance & investments","18.36","-2.22","0.392","0.816","0.392","0.779","1.42","3900","2.18","-4.28","2.61","4.18","3.66"
"2026-02-03T21:21:15.220","Mod 5_day_Check","BANKBARODA","285.40","0.996","-11.66","302.17","310.23","309.25","1.18","6.78","7.37","47.36","bank","banks - public sector","19.08","-2.86","0.164","0.249","0.164","0.234","1.91","300.45","1.33","-4.75","2.54","3.94","5.48"
"2026-02-03T21:21:15.220","Mod 5_day_Check","SBIN","1064.20","2.47","-7.07","1039.23","1087.77","1089.80","1.40","11.66","11.47","60.04","bank","banks - public sector","44.44","-0.621","0.226","0.298","0.226","0.287","1.85","1044.15","2.34","-3.54","1.85","3.70","6.31"
"2026-02-03T21:21:15.220","Mod 5_day_Check","NTPC","358.55","5.14","-3.03","342.66","353.44","365.95","1.56","15.84","14.05","49.76","power & utilities","power generation and supply","26.39","-2.23","-0.042","-0.020","-0.042","-0.028","0.972","344.70","1.57","-3.08","2.27","3.56","6.73"
"2026-02-03T21:21:15.220","RS","Symbol","Cmp","%ch","Sl","Target","0d_high","R_vol","Forward pe","Pe","Rsi","W rsi","Sector","Industry","Adx","%ch y_low","Srs","Ars","Srs y","Ars y","Lc","Column20","Low6"
"2026-02-03T21:21:15.220","RS","MBAPL","424.45","2.09","394.45","515.04","439.75","2.10","29.31","34.79","58.88","56.98","chemicals","fertilizers","14.04","3.73","-0.119","0.296","-0.139","0.272","7.73","2.25","394"
"2026-02-03T21:21:15.220","RS","RAMCOCEM","1134.40","1.98","1073.48","1291.24","1151.90","0.839","86.73","71.08","64.12","62.13","building materials","cement - south india","16.25","1.42","-0.100","0.090","-0.132","0.070","7.53","1.28","1055"
"2026-02-03T21:21:15.220","RS","VENTIVE","769.20","1.60","727.18","902.74","793.95","2.53","80.13","71.96","58.99","55.40","services","hotels","15.67","-2.23","-0.079","-0.026","-0.101","-0.040","7.94","2.42","712.65"
"2026-02-03T21:21:15.220","RS","BLISSGVS","180.52","4.49","162.23","222.05","183","0.340","17.49","16.61","58.21","57.62","healthcare","pharmaceuticals - indian - formulations","22.77","3.61","-0.072","0.380","-0.121","0.323","9.61","3.15","164.70"
"2026-02-03T21:21:15.220","RS","RAIN","162.15","3.92","144.53","200.30","163.60","1.71","12.87","-39.60","65.65","64.03","miscellaneous","miscellaneous","35.75","6.82","-0.037","0.081","-0.082","0.042","13.79","5.63","142.50"
"2026-02-03T21:21:15.220","RS","ASTRAL","1503.50","2.45","1413.14","1697.22","1510","0.877","74.88","77.41","59.95","54.94","plastic products","plastics products","14.50","1.48","-0.029","-0.003","-0.061","-0.025","7.62","1.33","1397"
"2026-02-03T21:21:15.220","RS","AUTOAXLES","1966.50","1.66","1875.20","2244.11","2014","0.909","20.67","18.60","57.21","60.48","auto","auto ancillaries","19.12","-2.46","-0.006","0.093","-0.060","0.076","7.17","1.84","1835"
"2026-02-03T21:21:15.220","RS","AJANTPHARM","2880.10","3.38","2673.42","3311.26","2889","0.945","32.86","34.32","66.15","61.15","healthcare","pharmaceuticals - indian - formulations","19.83","3.71","0.006","0.081","-0.034","0.047","7.68","3.41","2674.80"
"2026-02-03T21:21:15.220","RS","MAYURUNIQ","578.45","7.93","501.11","789.03","606.40","8.91","12.38","13.40","76.83","62.04","consumer discretionary","leather / leather products","21.83","6.37","0.024","-0.032","-0.065","-0.101","15.96","4.58","498.85"
"2026-02-03T21:21:15.220","RS","JBCHEPHARM","1895.70","1.67","1856.53","2046.04","1931.70","1.06","37.52","38.63","56.56","61.92","healthcare","pharmaceuticals - indian - bulk drugs & formln","20.34","-1.88","0.031","0.076","-0.004","0.060","6.75","0.835","1775.80"
"2026-02-03T21:21:15.220","RS","FORCEMOT","20008","4.18","18819.34","22569.32","20100","0.654","18.79","23.50","54.14","58.74","auto","automobiles - lcvs / hcvs","20.57","-3.84","0.034","0.889","0.032","0.816","10.36","2.34","18130"
"2026-02-03T21:21:15.220","RS","CANTABIL","301.55","3.61","281.74","350.06","306","1.58","93.07","31.10","62.28","64.19","textiles","textiles - products","32.16","0.444","0.044","0.243","0.018","0.202","7.56","2.73","280.35"
"2026-02-03T21:21:15.220","RS","HAPPYFORGE","1138","7.66","1003.25","1453.50","1161","4.62","36.52","36.71","60.67","61.71","industrials","castings & forgings","29.63","1.14","0.077","0.297","0.017","0.206","11.56","5.36","1020.10"
"2026-02-03T21:21:15.220","RS","CRAFTSMAN","7712.50","2.95","7277.23","9598.05","8220","0.786","41.63","48.39","55.29","62.82","auto","auto ancillaries","17.87","-3.69","0.100","0.356","0.034","0.319","8.93","2.48","7080"
"2026-02-03T21:21:15.220","RS","SENORES","817.65","4.75","767.31","940.84","828.90","0.828","28.04","35.10","53.46","58.56","healthcare","pharmaceuticals - indian - formulations","15.22","-0.681","0.114","0.557","0.025","0.489","6.46","1.57","768"
"2026-02-03T21:21:15.220","RS","NAVINFLUOR","6280.50","6.43","5870.77","7424.95","6443","2.81","54.03","66.53","61.19","64.94","chemicals","chemicals","13.55","-0.803","0.118","0.416","0.058","0.332","8.26","1.43","5801.50"
"2026-02-03T21:21:15.220","RS","ASIANTILES","73.39","6.97","67.95","85.48","74","2.26","26.21","49.72","55.02","59.34","building materials","ceramics - tiles / sanitaryware","15.54","-2.37","0.165","0.435","0.090","0.343","9.37","5.25","67.10"
"2026-02-03T21:21:15.220","RS","AIAENG","4039.70","0.585","3784.98","4749.73","4140","0.749","32.02","32.26","59.94","64.90","industrials","castings & forgings","23.30","2.39","0.184","0.177","0.197","0.172","6.30","0.625","3800.20"
"2026-02-03T21:21:15.220","RS","MMFL","440.85","9.22","399.28","552.59","455.15","1.14","32.13","20.39","61.85","66.51","industrials","castings & forgings","31.96","-4.43","0.195","0.140","0.071","0.046","15.01","6.20","383.30"
"2026-02-03T21:21:15.220","RS","SANGAMIND","486.35","8.86","425.01","684.33","524","10.53","24.97","37.92","64.11","58.90","textiles","textiles - spinning - synthetic / blended","18.70","3.48","0.242","0.111","0.048","0.022","14.10","4.59","426.25"
"2026-02-03T21:21:15.220","RS","GNA","414.10","16.60","346.84","570.42","425","5.42","14.24","14.52","74.54","74.10","auto","auto ancillaries","29.29","-2.78","0.260","0.186","0.054","0.019","23.35","7.47","335.70"
"2026-02-03T21:21:15.220","RS","CUB","298.50","4.57","275.60","395.50","324.10","2.31","16.66","16.86","58.44","72.25","bank","banks - private sector","19.06","0.311","0.266","0.470","0.203","0.408","9.94","1.70","271.50"
"2026-02-03T21:21:15.220","RS","KARURVYSYA","304.65","3.01","281.31","388.04","323","1.16","10.67","11.40","67.59","79.83","bank","banks - private sector","32.81","3.57","0.294","0.562","0.231","0.519","8.03","2.09","282"
"2026-02-03T21:21:15.220","RS","UJJIVANSFB","63.89","3.40","61.96","71.17","65.60","0.938","16.64","24.23","62.38","73.98","bank","banks - private sector","29.41","-4.07","0.338","0.380","0.286","0.336","12.09","1.90","57"
"2026-02-03T21:21:15.220","RS","DCBBANK","192.37","2.43","190.13","208.11","198","0.821","8.35","8.44","55.47","66.99","bank","banks - private sector","24.28","-5.65","0.346","0.327","0.295","0.298","9.71","2.32","175.34"
"2026-02-03T21:21:15.220","RS","ACUTAAS","1969.70","1.68","1761.41","2568.09","2060.60","1.87","37.33","55.00","67.42","70.09","healthcare","pharmaceuticals - indian - bulk drugs","22.39","6.53","0.352","0.629","0.338","0.604","13.92","2.22","1729"
"2026-02-03T21:21:15.220","RS","APEX","352.30","19.99","278.05","500.79","352.30","4.30","23.18","40.39","70.29","64.88","fmcg","aquaculture","20.41","3.99","0.426","0.540","0.170","0.286","24.55","7.39","282.85"
"2026-02-03T21:21:15.220","RS","BAJAJCON","356.40","2.37","311.62","473.16","370","1.16","25.90","30.20","70.30","77.86","fmcg","personal care - indian","27.84","3.60","0.463","1.00","0.434","0.957","16.07","2.86","307.05"
"2026-02-03T21:21:15.220","RS","PFOCUS","257.46","9.21","214.38","346.23","258.77","1.38","70.73","-50.81","65.06","71.03","realty","miscellaneous","21.06","2.36","0.477","1.44","0.399","1.23","21.10","8.24","212.60"
"2026-02-03T21:21:15.220","RS","JKTYRE","534.25","1.86","502.03","620.20","545","1.53","16.53","26.86","63.10","77.50","auto","tyres","22.63","0.296","0.506","0.348","0.451","0.325","8.04","1.26","494.50"
"2026-02-03T21:21:15.220","RS","MIRCELECTR","32.88","4.98","30.46","37.71","32.88","0.579","-137","-40.15","59.99","63.39","consumer discretionary","electronics - consumer","22.23","-3.32","0.763","1.15","0.834","1.05","14.56","2.40","28.70"
"2026-02-03T21:21:15.220","RS","MTARTECH","3239","6.78","2708.40","4360.20","3269","1.36","71.79","146.96","75.91","73.21","aerospace & defence","engineering","30.40","13.82","0.876","0.882","0.916","0.766","27.62","5.54","2538.10"
"2026-02-03T21:21:15.220","RS","KMEW","1835","4.00","1650.19","2265.22","1865.30","0.589","44.24","38.64","55.08","64.50","transportation","miscellaneous","20.29","1.69","0.989","1.23","0.904","1.15","11.88","1.96","1640.10"
"2026-02-03T21:21:15.220","About to","Symbol","Cmp","%ch","%ch7","Lch7","Low","Sl","Target","R_vol","Forward pe","Pe","Rsi","W rsi","Sector","Industry","Adx","%ch y_low","Srs","Ars","Srs y","Ars y","Lc"
"2026-02-03T21:21:15.220","About to","PFC","392.60","1.80","12.64","-0.586","386.85","369.07","410.52","1.42","5.64","5.14","46.67","53.37","financials","finance - term-lending institutions","22.07","1.62","-0.204","-0.145","-0.210","-0.129","1.49"
"2026-02-03T21:21:15.220","About to","ONWARDTEC","340.35","4.97","17.80","-2.31","320","310.66","344.63","2.48","18.91","16.25","52.05","60.01","i.t","computers - software - medium / small","31.29","1.36","-0.177","0.140","-0.170","0.182","6.36"
"2026-02-03T21:21:15.220","About to","PETRONET","297.40","2.48","7.50","-1.91","287.60","279.09","306.87","1.75","13.42","11.86","46.79","58.63","energy","miscellaneous","18.78","0.851","-0.151","-0.150","-0.182","-0.158","3.41"
"2026-02-03T21:21:15.220","About to","RAMCOCEM","1134.40","1.98","9.18","-2.44","1120.10","1068.54","1178.20","0.839","86.73","71.08","46.76","62.13","building materials","cement - south india","18.15","1.42","-0.151","0.025","-0.160","0.054","1.28"
"2026-02-03T21:21:15.220","About to","NAVNETEDUL","162.30","16.92","17.44","-3.91","149.29","137.27","141.12","14.19","5.23","8.48","41.30","61.47","miscellaneous","printing & stationery","22.85","-1.14","-0.140","-0.071","-0.134","-0.050","8.71"
"2026-02-03T21:21:15.220","About to","MODEFENCE","87.89","2.21","16.36","-1.82","86.50","83.86","89.19","1.81","NaN","0","39.47","52.75","indices","indices","15.01","-0.544","-0.135","-0.054","-0.142","-0.035","1.61"
"2026-02-03T21:21:15.220","About to","GROWWDEFNC","80.29","2.65","12.93","-1.55","79.21","76.51","80.79","1.89","NaN","0","40.49","53.12","indices","indices","17.48","-0.898","-0.134","-0.054","-0.143","-0.037","1.36"
"2026-02-03T21:21:15.220","About to","VENTIVE","769.20","1.60","9.74","-2.81","751","727.48","801.41","2.53","80.13","71.96","43.52","55.40","services","hotels","14.12","-2.23","-0.124","-0.086","-0.141","-0.066","2.42"
"2026-02-03T21:21:15.220","About to","J&KBANK","103.16","1.25","2.31","-5.27","102.35","102.35","101.21","0.687","4.88","5.24","54.08","49.85","bank","banks - private sector","18.55","-3.70","-0.123","-0.008","-0.123","0.022","0.791"
"2026-02-03T21:21:15.220","About to","ASTRAL","1503.50","2.45","9.11","-0.629","1483.80","1407.00","1558.50","0.877","74.88","77.41","43.29","54.94","plastic products","plastics products","14.69","1.48","-0.115","0.008","-0.122","0.031","1.33"
"2026-02-03T21:21:15.220","About to","ARMANFIN","1593.80","1.22","3.93","-7.64","1568.60","1534.37","1634.95","0.782","52.29","-1499.62","57.95","52.29","financials","finance & investments","15.44","-2.96","-0.107","0.009","-0.131","0.022","1.61"
"2026-02-03T21:21:15.220","About to","OIL","488.90","1.16","19.92","-0.539","476.60","469.70","503.71","0.917","13.92","13.16","55.63","63.42","energy","oil drilling / allied services","18.72","2.91","-0.077","0.005","-0.107","0.009","2.58"
"2026-02-03T21:21:15.220","About to","SUNDARMFIN","5370.50","0.224","8.36","-2.22","5249","5015.93","5872.36","1.52","27.33","28.70","46.55","62.66","financials","finance & investments","24.36","-1.77","-0.075","-0.067","-0.097","-0.059","2.31"
"2026-02-03T21:21:15.220","About to","ULTRACEMCO","12590","0.439","4.71","-1.44","12575","12454.93","12655.10","1.16","53.66","48.10","62.23","61.46","building materials","cement - north india","16.14","-1.92","-0.070","0.024","-0.081","0.025","0.119"
"2026-02-03T21:21:15.220","About to","NTPC","358.55","2.34","8.69","0.104","353.80","344.06","359.79","1.19","15.84","14.05","49.76","60.43","power & utilities","power generation and supply","25.95","-1.66","-0.069","-0.039","-0.076","-0.021","1.34"
"2026-02-03T21:21:15.220","About to","CPSEETF","98.01","2.21","8.37","-0.521","96.58","94.04","98.67","1.24","NaN","0","48.95","62.43","indices","indices","36.33","-0.853","-0.069","-0.010","-0.080","0.005","1.48"
"2026-02-03T21:21:15.220","About to","SATIN","156.92","1.89","9.12","-1.40","154","152.48","156.31","0.757","6.00","8.82","63.29","56.74","financials","finance & investments","19.43","0.087","-0.066","-0.151","-0.123","-0.161","1.90"
"2026-02-03T21:21:15.220","About to","GRASIM","2808.90","1.24","4.79","-1.67","2801.10","2747.40","2815.41","2.10","86.06","43.64","44.99","52.42","textiles","textiles - manmade","22.08","-1.30","-0.062","-0.026","-0.068","-0.014","0.279"
"2026-02-03T21:21:15.220","About to","ONGC","257","1.20","13.16","0.171","249.35","253.76","254.23","1.59","7.49","8.74","56.87","57.13","energy","oil drilling / allied services","26.37","-1.58","-0.059","-0.036","-0.089","-0.040","3.07"
"2026-02-03T21:21:15.220","About to","AUTOAXLES","1966.50","1.66","3.85","-5.38","1931","1876.36","2021.46","0.909","20.67","18.60","56.66","60.48","auto","auto ancillaries","28.68","-2.46","-0.058","0.092","-0.046","0.097","1.84"
"2026-02-03T21:21:15.220","About to","CANTABIL","301.55","3.61","10.35","-2.69","293.55","281.11","305.96","1.58","93.07","31.10","50.43","64.19","textiles","textiles - products","36.44","0.444","-0.050","0.109","-0.037","0.140","2.73"
"2026-02-03T21:21:15.220","About to","KROSS","206.34","3.30","7.97","-3.87","198.85","189.22","215.54","0.394","23.77","25.81","50.00","57.75","auto","auto ancillaries","27.74","0.088","-0.045","0.131","-0.028","0.182","3.77"
"2026-02-03T21:21:15.220","About to","BEL","438.95","-0.034","12.41","-1.61","435.25","423.57","462.39","1.43","50.80","53.81","52.11","62.61","aerospace & defence","electronics - components","17.92","-0.148","-0.043","0.153","-0.042","0.173","0.850"
"2026-02-03T21:21:15.220","About to","FUSION","182.72","1.65","6.55","-2.63","178.79","176.38","184.83","0.878","-27.03","-1.88","60.45","56.00","financials","finance & investments","18.11","-0.151","-0.043","-0.077","-0.092","-0.078","2.20"
"2026-02-03T21:21:15.220","About to","INDSWFTLAB","113.37","4.34","7.94","-3.90","108","108.99","108.14","1.16","24.22","2.98","66.77","62.00","healthcare","pharmaceuticals - indian - bulk drugs & formln","30.62","-1.58","-0.035","0.360","-0.060","0.328","4.97"
"2026-02-03T21:21:15.220","About to","MMFL","440.85","9.22","20.28","-4.33","415.10","399.80","409.43","1.14","32.13","20.39","46.84","66.51","industrials","castings & forgings","40.39","-4.43","-0.033","0.035","-0.011","0.083","6.20"
"2026-02-03T21:21:15.220","About to","INDUSTOWER","438.55","1.56","9.40","-0.460","425.40","419.60","450.10","1.49","15.73","12.17","43.99","61.51","telecom","transmisson line towers / equipment","29.22","0.097","-0.033","0.008","-0.045","0.025","3.09"
"2026-02-03T21:21:15.220","About to","JINDALSTEL","1149.70","2.19","10.06","-0.395","1135","1079.77","1193.10","0.851","153.70","57.61","56.34","63.07","metals & mining","steel - large","19.59","1.15","-0.020","0.090","-0.017","0.104","1.30"
"2026-02-03T21:21:15.220","About to","NMDC","81.65","0.258","11.38","0.079","80.81","78.40","86.00","1.41","10.58","10.19","38.14","57.35","metals & mining","mining / minerals / metals","18.89","0.025","-0.018","0.054","-0.017","0.081","1.04"
"2026-02-03T21:21:15.220","About to","COMMOIETF","98.87","2.72","9.60","-1.13","97.83","95.63","97.17","3.61","NaN","0","45.80","61.62","n/a","indices","26.92","-1.95","-0.015","0.052","-0.025","0.065","1.06"
"2026-02-03T21:21:15.220","About to","ICICIB22","120.97","2.01","7.35","-0.061","118.70","116.14","122.26","2.59","NaN","0","42.37","65.44","indices","indices","28.18","-0.616","-0.012","0.032","-0.021","0.046","1.91"
"2026-02-03T21:21:15.220","About to","KINGFA","4381.40","2.83","13.21","-3.17","4214.70","4037.21","4595.94","0.575","33.33","33.60","31.49","54.45","plastic products","plastics products","22.62","-1.62","-0.002","0.174","0.026","0.232","3.96"
"2026-02-03T21:21:15.220","About to","GNA","414.10","16.60","24.03","-2.67","385.30","346.12","368.70","5.42","14.24","14.52","53.28","74.10","auto","auto ancillaries","28.94","-2.78","0.008","-0.005","-0.070","-0.000","7.47"
"2026-02-03T21:21:15.220","About to","COALINDIA","429.40","1.39","10.31","-1.29","419.95","429.16","415.01","1.81","15.18","8.36","54.14","60.64","metals & mining","mining / minerals / metals","39.80","-3.84","0.012","0.003","0.004","0.016","2.25"
"2026-02-03T21:21:15.220","About to","JSL","809.35","0.597","12.07","-2.11","798.40","758.96","872.94","0.632","20.11","22.53","37.33","55.02","metals & mining","steel - large","17.97","1.43","0.047","0.103","0.042","0.121","1.37"
"2026-02-03T21:21:15.220","About to","JSWSTEEL","1229.40","2.52","6.41","0.248","1212.80","1196.75","1202.88","1.11","35.09","39.29","53.46","63.60","metals & mining","steel - large","19.56","-1.79","0.050","0.143","0.048","0.159","1.37"
"2026-02-03T21:21:15.220","About to","AXISBANK","1356.20","3.41","12.74","1.62","1345.50","1309.05","1315.18","1.73","15.01","15.48","45.42","67.25","bank","banks - private sector","25.84","-0.047","0.067","0.017","0.081","0.048","0.795"
"2026-02-03T21:21:15.220","About to","TATASTEEL","192.93","2.34","8.20","-2.70","191.51","190.50","185.53","1.05","19.37","34.53","60.94","67.04","metals & mining","steel - large","25.71","-4.06","0.070","0.168","0.058","0.179","0.742"
"2026-02-03T21:21:15.220","About to","BAJAJ-AUTO","9595.50","1.04","5.60","-2.53","9515","9341.82","9728.52","1.62","24.35","29.84","53.01","64.82","auto","automobiles - scooters and 3 - wheelers","21.35","-1.05","0.074","0.123","0.034","0.119","0.846"
"2026-02-03T21:21:15.220","About to","NAVINFLUOR","6280.50","6.43","8.85","-3.44","6192","5858.66","5964.52","2.81","54.03","66.53","50.67","64.94","chemicals","chemicals","16.09","-0.803","0.090","0.337","0.066","0.339","1.43"
"2026-02-03T21:21:15.220","About to","INDIACEM","460.75","0.513","10.32","-1.04","453.60","444.16","479.76","0.368","-1279.86","-127.69","42.37","63.77","building materials","cement - south india","36.63","-2.10","0.107","0.296","0.166","0.381","1.58"
"2026-02-03T21:21:15.220","About to","AETHER","1006.60","-3.03","11.90","-1.91","991.10","991.49","1107.77","6.04","61.83","70.71","59.57","69.50","chemicals","chemicals","29.05","-0.208","0.141","0.250","0.108","0.266","1.56"
"2026-02-03T21:21:15.220","About to","BAJAJCON","356.40","2.37","20.99","-2.13","346.50","304.62","413.44","1.16","25.90","30.20","65.02","77.86","fmcg","personal care - indian","21.93","3.60","0.202","0.769","0.108","0.721","2.86"
"2026-02-03T21:21:15.220","About to","CUB","298.50","4.57","17.66","-1.96","293.50","274.59","301.75","2.31","16.66","16.86","47.92","72.25","bank","banks - private sector","22.59","0.311","0.213","0.370","0.237","0.410","1.70"
"2026-02-03T21:21:15.220","About to","FEDERALBNK","285.50","1.49","7.07","-0.915","283.35","278.99","284.77","0.859","16.04","16.87","62.54","74.62","bank","banks - private sector","36.99","-0.200","0.233","0.358","0.213","0.378","0.759"
"2026-02-03T21:21:15.220","About to","DREDGECORP","1112.40","2.90","31.36","-2.56","1093.10","1014.41","1180.88","0.332","-22.78","-114.63","45.20","63.33","miscellaneous","miscellaneous","25.91","3.23","0.260","0.324","0.305","0.410","1.77"
"2026-02-03T21:21:15.220","About to","UJJIVANSFB","63.89","3.40","4.44","-9.61","62.70","61.70","61.92","0.938","16.64","24.23","70.13","73.98","bank","banks - private sector","26.12","-4.07","0.341","0.357","0.239","0.336","1.90"
"2026-02-03T21:21:15.220","About to","INFOBEAN","911.40","7.17","13.52","-11.45","872","791.08","939.39","1.40","28.62","27.33","50.70","70.22","i.t","computers - software - medium / small","40.09","2.05","0.344","1.17","0.382","1.36","4.52"
"2026-02-03T21:21:15.220","About to","JKTYRE","534.25","1.86","7.27","-2.67","527.60","500.52","560.47","1.53","16.53","26.86","56.44","77.50","auto","tyres","30.27","0.296","0.356","0.425","0.346","0.462","1.26"
"2026-02-03T21:21:15.220","About to","PFOCUS","257.46","9.21","18.96","-3.62","237.86","213.16","269.61","1.38","70.73","-50.81","46.99","71.03","realty","miscellaneous","27.47","2.36","0.357","1.15","0.382","1.28","8.24"
"2026-02-03T21:21:15.220","About to","ASHOKLEY","199.87","2.81","5.19","-3.87","196.02","189.75","201.38","0.895","38.73","19.82","67.53","83.04","auto","automobiles - lcvs / hcvs","60.87","-1.97","0.458","0.590","0.394","0.571","1.96"
"2026-02-03T21:21:15.220","About to","BHAGYANGR","173.81","3.50","21.13","-0.301","162","165.80","171.15","1.75","10.84","14.81","51.03","74.78","power & utilities","power generation and supply","19.55","-4.24","0.494","1.07","0.470","1.14","7.29"
"2026-02-03T21:21:15.220","About to","KAPSTON","396.30","-0.202","5.69","-10.07","393","389.19","408.96","0.565","28.47","33.91","85.52","73.81","miscellaneous","miscellaneous","43.22","-3.58","0.580","0.973","0.485","0.885","0.840"
"2026-02-03T21:21:15.220","About to","KMEW","1835","4.00","20.49","0.885","1799.70","1644.43","1944.36","0.589","44.24","38.64","40.69","64.50","transportation","miscellaneous","28.31","1.69","0.699","1.00","0.779","1.17","1.96"
"2026-02-03T21:21:15.220","RS hma signal","Symbol","Cmp","%ch","Sl","Target","0d_high","R_vol","Forward pe","Pe","Rsi","W rsi","Sector","Industry","Adx","%ch y_low","Srs","Ars","Srs y","Ars y","Lc","Column20","Low6"
"2026-02-03T21:21:15.220","funda","Symbol","F_pe","Pe","Eps[a]","Eps[a1]","Eps","Eps[1]","Eps[3]","Sales[a]","Sales[a1]","Sales","Sales[2]","Sales[3]","Roce","Fii","Fii[1]","Fii[2]","Fii[a]","Fii[a1]"
"2026-02-03T21:21:15.220","funda","MRF","27.56","30.60","5.03","-2.27","1239.38","1180.04","1207.48","-3.87","8.49","7378.72","7675.69","7074.82","13.27","18.17","18.27","18.67","-0.522","-2.13"
"2026-02-03T21:21:15.220","funda","AKZOINDIA","1.93","6.45","1749.45","-16.05","369.52","19.98","23.80","-16.10","-2.64","834.90","995.10","1022.10","39.12","8.66","7.97","3.70","8.60","115.79"
"2026-02-03T21:21:15.220","funda","FORCEMOT","18.79","23.50","98.88","-59.44","266.14","133.82","329.92","-9.40","-2.49","2081.40","2297.25","2356.01","29.59","10.46","10.27","9.77","1.82","5.16"
"2026-02-03T21:21:15.220","funda","TVSHLTD","15.77","19.39","11.36","31.98","243.75","218.89","165.85","4.57","14.34","14583.15","13945.52","12196.81","17.65","3.12","3.00","2.84","4.06","5.58"
"2026-02-03T21:21:15.220","funda","ABBOTINDIA","34.39","38.48","13.50","-0.318","195.42","172.17","172.72","1.08","8.34","1757.15","1738.35","1604.59","44.95","0.182","0.156","0.163","16.89","-4.36"
"2026-02-03T21:21:15.220","funda","ZUARI","0.358","1.17","714.27","398.73","191.68","23.54","4.72","14.17","30.89","1422.63","1246.05","951.99","14.04","2.71","2.85","2.67","-4.92","6.67"
"2026-02-03T21:21:15.220","funda","BOSCHLTD","50.18","40.24","-50.32","101.65","188.01","378.41","187.66","0.130","-2.48","4794.80","4788.60","4910.60","20.48","7.34","7.13","6.18","2.91","15.43"
"2026-02-03T21:21:15.220","funda","3MINDIA","55.51","78.24","148.98","-37.27","157.73","63.35","100.99","-0.189","9.93","1195.97","1198.23","1089.95","37.56","3.50","3.43","3.84","2.06","-10.65"
"2026-02-03T21:21:15.220","funda","BAJAJHLDNG","19.48","13.93","-55.28","102.13","140.10","313.30","155","22.24","123.50","396.87","324.66","145.26","11.53","10.26","10.33","10.31","-0.695","0.220"
"2026-02-03T21:21:15.220","funda","HONAUT","62.60","57.58","-4.13","-10.94","135.13","140.95","158.26","-2.85","6.16","1149.40","1183.10","1114.50","18.29","3.46","3.01","2.77","15.07","8.69"
"2026-02-03T21:21:15.220","funda","MARUTI","29.95","30.29","15.83","-11.69","123.38","106.52","120.62","18.43","9.60","47537.20","40138.70","36624.10","20.98","15.76","15.78","15.20","-0.124","3.79"
"2026-02-03T21:21:15.220","funda","BAJAJ-AUTO","24.35","29.84","29.61","-4.04","98.50","76","79.20","0.817","20.61","15378.24","15253.64","12646.59","28.09","8.84","9.65","10.30","-8.46","-6.27"
"2026-02-03T21:21:15.220","funda","PGHH","32.11","44.52","43.65","9.26","92.87","64.65","59.17","9.67","22.85","1259.91","1148.85","935.16","134.56","1.07","1.11","1.38","-4.27","-19.50"
"2026-02-03T21:21:15.220","funda","MCX","7.74","12.63","103.13","-2.81","78.65","38.72","39.84","77.86","0.273","665.62","374.23","373.21","27.47","20.64","19.00","21.69","8.60","-12.38"
"2026-02-03T21:21:15.220","funda","VOLTAMP","24.37","23.09","-0.877","-17.84","77.94","78.63","95.70","13.92","-32.21","482.56","423.58","624.81","29.44","21.78","22.85","23.23","-4.71","-1.60"
"2026-02-03T21:21:15.220","funda","NEULANDLAB","44.28","70.08","597.05","-50.02","75.49","10.83","21.67","75.67","-10.84","514.27","292.75","328.36","18.58","20.90","20.60","21.69","1.43","-5.01"
"2026-02-03T21:21:15.220","funda","OFSS","27.92","27.53","11.52","-14.94","70.08","62.84","73.88","9.90","-3.42","1965.90","1788.80","1852.20","38.11","8.36","8.65","8.55","-3.35","1.13"
"2026-02-03T21:21:15.220","funda","BHARATRAS","7.24","5.88","-29.70","57.82","67.10","95.45","60.48","-24.23","23.12","285.96","377.40","306.53","16.61","0.431","0.466","0.557","-7.49","-16.29"
"2026-02-03T21:21:15.220","funda","HEROMOTOCO","22.03","21.29","-23.28","46.80","65.41","85.26","58.08","25.60","-2.43","12218.39","9727.75","9969.81","30.47","29.42","28.75","27.04","2.35","6.34"
"2026-02-03T21:21:15.220","funda","ALKEM","22.28","27.96","15.17","117.29","63.99","55.56","25.57","18.68","7.23","4000.99","3371.14","3143.75","20.03","9.97","9.48","9.11","5.24","4.03"
"2026-02-03T21:21:15.220","funda","MUTHOOTFIN","15.03","19.35","20.05","36.43","60.29","50.22","36.81","12.91","14.74","7282.79","6450.13","5621.75","13.27","11.75","11.58","10.84","1.50","6.78"
"2026-02-03T21:21:15.220","funda","ULTRACEMCO","53.66","48.10","40.10","-44.67","58.66","41.87","75.67","11.34","-7.84","21829.68","19606.93","21275.45","10.89","14.44","15.33","15.23","-5.82","0.653"
"2026-02-03T21:21:15.220","funda","ZFCVINDIA","67.36","59.02","-11.53","-3.43","57.08","64.52","66.81","-6.39","-3.59","913.24","975.56","1011.88","19.95","5.79","5.73","5.57","1.14","2.84"
"2026-02-03T21:21:15.220","funda","IRIS","1.29","4.80","51590.91","-92.09","56.86","0.110","1.39","13.38","-27.28","28.56","25.19","34.64","27.63","1.73","0.502","1.42","245.67","-64.53"
"2026-02-03T21:21:15.220","funda","DIXON","51.97","34.38","-57.07","165.98","53.06","123.60","46.47","-28.16","15.73","10671.59","14855.04","12835.66","41.96","18.68","20.69","20.55","-9.72","0.694"
"2026-02-03T21:21:15.220","funda","GILLETTE","41.80","45.59","20.08","-1.41","52.93","44.08","44.71","-2.57","14.73","790","810.81","706.72","67.97","4.78","5.01","4.83","-4.66","3.83"
"2026-02-03T21:21:15.220","funda","APARINDS","46.91","33.68","-17.00","-4.26","52.01","62.66","65.45","-4.09","11.99","5461.04","5693.80","5084.20","32.64","9.35","9.25","9.07","1.15","1.97"
"2026-02-03T21:21:15.220","funda","ESABINDIA","27.89","41.32","93.46","-13.69","51.46","26.60","30.82","8.39","-4.27","381.55","352.02","367.72","68.79","1.51","1.53","1.56","-1.35","-1.84"
"2026-02-03T21:21:15.220","funda","EICHERMOT","36.13","37.50","13.61","-11.55","49.93","43.95","49.69","22.76","-3.98","6071.19","4945.62","5150.38","28.66","27.01","26.98","25.83","0.115","4.48"
"2026-02-03T21:21:15.220","funda","VINDHYATEL","6.12","5.29","0.849","-46.67","49.89","49.47","92.77","5.76","-26.29","959.83","907.52","1231.22","8.01","1.49","1.46","1.50","1.84","-2.50"
"2026-02-03T21:21:15.220","funda","SUNDARMFIN","27.33","28.70","10.91","2.71","49.12","44.29","43.12","5.38","1.56","2513.95","2385.64","2348.93","9.69","19.13","19.06","18.81","0.372","1.33"
"2026-02-03T21:21:15.220","funda","VADILALIND","25.34","23.64","-50.10","204.44","46.50","93.19","30.61","-32.54","84.32","341.30","505.91","274.47","27.60","0.569","0.574","0.764","-1.01","-24.83"
"2026-02-03T21:21:15.220","funda","CRAFTSMAN","41.63","48.39","13.86","10.27","46.32","40.68","36.89","2.78","12.20","2057.28","2001.59","1784","11.26","16.02","15.44","15.83","3.74","-2.43"
"2026-02-03T21:21:15.220","funda","JINDALPHOT","7.49","9.09","-9.48","79.32","46.23","51.07","28.48","1925.93","1.89","10.94","0.540","0.530","13.80","0","0.004","0.019","-100","-79.49"
"2026-02-03T21:21:15.220","funda","CERA","29.30","27.60","21.66","-45.62","43.92","36.10","66.39","15.57","-27.28","487.91","422.19","580.55","22.01","14.61","15.82","17.18","-7.64","-7.92"
"2026-02-03T21:21:15.220","funda","POLYCAB","45.43","40.32","-9.31","15.70","41.30","45.54","39.36","17.89","9.67","7636.13","6477.21","5905.98","30.77","14.82","13.97","11.44","6.13","22.05"
"2026-02-03T21:21:15.220","funda","ECLERX","30.31","34.02","4.64","29.31","40.81","39","30.16","6.52","7.52","1070.33","1004.85","934.56","28.33","11.43","10.95","10.16","4.45","7.75"
"2026-02-03T21:21:15.220","funda","ICRA","37.74","32.02","-18.80","12.63","40.34","49.68","44.11","19.78","9.71","163.59","136.58","124.49","22.37","7.25","8.66","8.78","-16.34","-1.32"
"2026-02-03T21:21:15.220","funda","SEAMECLTD","7.85","16.99","462.44","-136.28","39.18","-10.81","29.80","225.45","-53.81","317.05","97.42","210.92","8.49","3.35","3.61","3.25","-7.23","11.34"
"2026-02-03T21:21:15.220","funda","CEATLTD","25.14","27.32","-16.07","65.40","38.59","45.98","27.80","10.19","6.89","4157.05","3772.65","3529.41","14.68","16.92","16.21","17.38","4.40","-6.76"
"2026-02-03T21:21:15.220","funda","LUMAXIND","33.99","30.00","-1.50","-17.71","38.13","38.71","47.04","9.33","-0.092","1008.60","922.52","923.37","16.02","1.38","1.14","1.18","21.62","-3.55"
"2026-02-03T21:21:15.220","funda","WAAREEENER","20.99","24.56","25.98","13.07","36.95","29.33","25.94","24.72","37.05","7565.05","6065.64","4425.83","30.54","6.91","6.35","2.68","8.77","136.92"
"2026-02-03T21:21:15.220","funda","MASTEK","15.04","16.91","11.09","5.82","34.97","31.48","29.75","-3.69","2.81","905.68","940.37","914.70","17.16","10.26","11.24","11.04","-8.66","1.77"
"2026-02-03T21:21:15.220","funda","SWARAJENG","25.79","22.59","-15.24","-0.608","34.66","40.89","41.14","-6.12","4.12","473.20","504.04","484.10","55.47","3.15","3.93","3.72","-19.83","5.59"
"2026-02-03T21:21:15.220","funda","BBTC","12.69","10.60","0.406","-22.02","34.64","34.50","44.24","4.95","3.65","4852.85","4623.77","4461.14","45.22","9.42","9.30","9.33","1.30","-0.358"
"2026-02-03T21:21:15.220","funda","TIIL","16.69","16.94","-3.48","20.39","33.80","35.02","29.09","18.83","-9.89","752","632.85","702.28","15.95","0.434","0.508","0.485","-14.57","4.77"
"2026-02-03T21:21:15.220","funda","THANGAMAYL","23.61","41.58","79.12","27.94","33.71","18.82","14.71","40.87","9.60","2401.21","1704.60","1555.32","13.74","4.70","4.49","4.41","4.72","1.62"
"2026-02-03T21:21:15.220","funda","APOLLOHOSP","53.39","59.63","10.27","11.07","33.19","30.10","27.10","7.90","4.47","6303.50","5842.10","5592.20","17.49","43.54","44.20","43.49","-1.50","1.64"
"2026-02-03T21:21:15.220","funda","M&M","26.81","27.16","-10.06","23.92","32.90","36.58","29.52","0.989","6.69","45885.40","45435.88","42585.67","14.11","36.88","37.43","37.92","-1.46","-1.29"
"2026-02-03T21:21:15.220","funda","KINGFA","33.33","33.60","-5.03","21.02","32.86","34.60","28.59","-1.62","6.63","461.93","469.55","440.37","30.50","7.73","7.78","6.34","-0.570","22.68"
"2026-02-03T21:21:15.220","funda","LTIM","46.14","37.31","-30.73","11.69","32.75","47.28","42.33","3.72","5.63","10781","10394.30","9840.60","27.57","6.51","6.40","6.62","1.72","-3.42"
"2026-02-03T21:21:15.220","funda","LUPIN","16.89","22.48","21.20","57.71","32.36","26.70","16.93","10.83","10.81","6831.43","6163.75","5562.20","20.88","21.49","20.49","21.25","4.88","-3.57"
"2026-02-03T21:21:15.220","funda","DPABHUSHAN","9.94","15.25","42.71","40.45","32.21","22.57","16.07","26.32","79.07","1222.38","967.65","540.37","33.54","0.220","0.223","0.217","-1.43","2.67"
"2026-02-03T21:21:15.220","funda","SHRIPISTON","22.36","21.82","4.65","-8.78","31.76","30.35","33.27","5.52","-2.54","1016.50","963.30","988.40","26.57","6.62","6.00","5.88","10.48","2.04"
"2026-02-03T21:21:15.220","funda","POWERMECH","16.51","17.78","90.37","-55.20","31.62","16.61","37.08","-4.29","-30.21","1237.87","1293.41","1853.28","20.75","6.55","7.01","0.233","-6.51","2903.90"
"2026-02-03T21:21:15.220","funda","INDIAMART","18.07","21.91","127.81","-46.19","31.37","13.77","25.59","2.71","5.08","401.60","391","372.10","27.30","18.27","21.53","19.22","-15.14","12.06"
"2026-02-03T21:21:15.220","funda","POWERINDIA","166.79","161.61","-31.56","33.14","29.53","43.15","32.41","-22.34","16.29","1429.35","1840.45","1582.68","19.38","10.69","9.66","7.20","10.65","34.22"
"2026-02-03T21:21:15.220","funda","TCS","27.38","24.03","-11.75","-5.39","29.45","33.37","35.27","1.96","3.72","67087","65799","63437","64.41","10.37","10.33","11.47","0.421","-9.96"
"2026-02-03T21:21:15.220","funda","LGBBROSLTD","15.72","16.92","39.81","-20.30","29.36","21","26.35","19.78","-1.81","787.02","657.05","669.17","20.93","7.00","5.85","5.97","19.61","-1.87"
"2026-02-03T21:21:15.220","funda","CHOLAHLDNG","14.70","13.87","-4.97","-5.72","29.28","30.81","32.68","1.78","4.30","9461.41","9296.32","8913.37","11.41","16.47","17.39","18.32","-5.30","-5.09"
"2026-02-03T21:21:15.220","funda","CIGNITITEC","14.38","14.78","-2.80","25.27","29.15","29.99","23.94","2.13","6.20","579.40","567.30","534.20","33.39","11.60","11.88","11.33","-2.38","4.86"
"2026-02-03T21:21:15.220","funda","ESCORTS","31.13","16.36","-77.23","338.57","28.92","127.01","28.96","11.66","2.26","2791.56","2500.05","2444.88","14.73","5.25","5.27","5.22","-0.504","1.01"
"2026-02-03T21:21:15.220","funda","VSTTILLERS","50.76","51.28","-43.51","80.97","28.90","51.16","28.27","11.58","-6.30","315.15","282.45","301.43","12.10","1.61","1.76","1.41","-8.44","25.12"
"2026-02-03T21:21:15.220","funda","BLUEDART","49.33","51.43","-16.06","66.67","28.79","34.30","20.58","4.31","7.45","1616.16","1549.33","1441.92","17.14","4.13","5.04","5.53","-18.02","-8.75"
"2026-02-03T21:21:15.220","funda","LTTS","33.33","31.10","-7.93","4.06","28.56","31.02","29.81","-1.88","3.96","2923.50","2979.50","2866","28.32","4.23","4.67","4.84","-9.53","-3.49"
"2026-02-03T21:21:15.220","funda","PERSISTENT","55.76","54.54","-7.13","10.50","28.15","30.31","27.43","5.52","7.41","3778.21","3580.72","3333.59","31.10","22.80","21.23","24.19","7.35","-12.20"
"2026-02-03T21:21:15.220","funda","ADANIENT","20.11","30.04","354.82","-81.75","27.38","6.02","32.98","-3.25","-18.56","21248.51","21961.20","26965.86","9.01","11.65","11.72","11.54","-0.616","1.51"
"2026-02-03T21:21:15.220","funda","BRITANNIA","54.12","61.22","25.67","-7.01","27.17","21.62","23.25","4.79","3.64","4752.17","4534.86","4375.57","51.91","14.88","15.02","15.58","-0.923","-3.61"
"2026-02-03T21:21:15.220","funda","STYLAMIND","20.18","26.51","22.51","33.80","27.16","22.17","16.57","-7.33","3.33","270.96","292.40","282.98","27.03","2.04","2.77","2.79","-26.14","-0.906"
"2026-02-03T21:21:15.220","funda","CRISIL","45.64","47.10","12.57","7.32","26.41","23.46","21.86","8.09","3.67","911.24","843.02","813.18","35.63","7.67","7.82","8.07","-1.84","-3.18"
"2026-02-03T21:21:15.220","funda","DIVISLAB","59.77","63.60","26.74","-17.81","25.97","20.49","24.93","12.66","-6.77","2715","2410","2585","20.42","20.08","19.39","19.74","3.54","-1.75"
"2026-02-03T21:21:15.220","funda","FOSECOIND","44.25","35.04","-23.46","-0.619","25.81","33.72","33.93","-4.15","5.89","150.72","157.25","148.51","31.16","0.098","0.116","0.152","-15.41","-24.26"
"2026-02-03T21:21:15.220","funda","EXPLEOSOL","8.74","13.37","94.68","-15.15","25.62","13.16","15.51","8.88","1.51","282.70","259.65","255.80","20.96","0.323","0.127","0.097","154.94","29.88"
"2026-02-03T21:21:15.220","funda","LICHSGFIN","5.01","4.98","3.63","-1.09","25.42","24.53","24.80","0.413","-0.978","7208.92","7179.25","7250.16","8.93","20.36","20.17","20.26","0.922","-0.427"
"2026-02-03T21:21:15.220","funda","BBL","27.69","20.83","1.30","-44.60","24.98","24.66","44.51","1.84","-24.91","473.44","464.90","619.10","9.60","3.57","3.67","3.63","-2.78","1.03"
"2026-02-03T21:21:15.220","funda","HAL","44.78","34.26","20.64","-65.20","24.96","20.69","59.46","37.55","-64.82","6628.61","4819.01","13699.85","20.93","11.90","12.08","12.26","-1.45","-1.48"
"2026-02-03T21:21:15.220","funda","KOTAKBANK","4.20","4.32","10.15","-0.089","24.75","22.47","22.49","1.79","-0.287","17506.80","17198.74","17248.31","0","29.36","29.75","30.69","-1.33","-3.05"
"2026-02-03T21:21:15.220","funda","KEI","44.43","45.30","15.35","3.95","24.57","21.30","20.49","8.38","5.25","2954.70","2726.35","2590.32","21.16","25.48","25.83","26.59","-1.32","-2.87"
"2026-02-03T21:21:15.220","funda","NAZARA","2.91","7.96","215.78","3613.64","24.41","7.73","-0.220","5.55","-4.12","526.46","498.77","520.20","3.01","11.97","12.63","12.98","-5.21","-2.71"
"2026-02-03T21:21:15.220","funda","FIEMIND","22.71","24.83","10.71","-2.28","24.19","21.85","22.36","9.60","2.44","712.02","649.64","634.15","28","6.94","7.19","4.68","-3.59","53.71"
"2026-02-03T21:21:15.220","First timer","Symbol","Cmp","%ch","Low","Sl","Target","R_vol","Forward pe","Pe","Rsi","W rsi","Sector","Industry","Adx","%ch y_low","Srs","Ars","Srs y","Ars y","Lc"
"2026-02-03T21:21:15.220","First timer","BLISSGVS","180.52","4.49","175","161.19","190.14","0.340","17.49","16.61","58.21","57.62","healthcare","pharmaceuticals - indian - formulations","22.77","3.61","-0.072","0.380","-0.121","0.323","3.15"
"2026-02-03T21:21:15.220","First timer","MIRCELECTR","32.88","4.98","32.11","30.60","32.39","0.579","-137","-40.15","59.99","63.39","consumer discretionary","electronics - consumer","22.23","-3.32","0.763","1.15","0.834","1.05","2.40"
"2026-02-03T21:21:15.220","First timer","JAMNAAUTO","126.46","3.66","123.12","115.21","132.18","0.613","31.61","26.99","54.10","62.50","auto","auto ancillaries","21.38","3.37","0.290","0.350","0.229","0.304","2.71"
"2026-02-03T21:21:15.220","First timer","FORCEMOT","20008","4.18","19551","18932.30","19616.55","0.654","18.79","23.50","54.14","58.74","auto","automobiles - lcvs / hcvs","20.57","-3.84","0.034","0.889","0.032","0.816","2.34"
"2026-02-03T21:21:15.220","First timer","CRAFTSMAN","7712.50","2.95","7526","7311.20","7761.96","0.786","41.63","48.39","55.29","62.82","auto","auto ancillaries","17.87","-3.69","0.100","0.356","0.034","0.319","2.48"
"2026-02-03T21:21:15.220","First timer","SENORES","817.65","4.75","805.05","769.65","796.90","0.828","28.04","35.10","53.46","58.56","healthcare","pharmaceuticals - indian - formulations","15.22","-0.681","0.114","0.557","0.025","0.489","1.57"
"2026-02-03T21:21:15.220","First timer","JBCHEPHARM","1895.70","1.67","1880","1860.43","1870.85","1.06","37.52","38.63","56.56","61.92","healthcare","pharmaceuticals - indian - bulk drugs & formln","20.34","-1.88","0.031","0.076","-0.004","0.060","0.835"
"2026-02-03T21:21:15.220","First timer","MMFL","440.85","9.22","415.10","399.80","409.43","1.14","32.13","20.39","61.85","66.51","industrials","castings & forgings","31.96","-4.43","0.195","0.140","0.071","0.046","6.20"
"2026-02-03T21:21:15.220","First timer","INDSWFTLAB","113.37","4.34","108","108.99","108.14","1.16","24.22","2.98","63.73","62.00","healthcare","pharmaceuticals - indian - bulk drugs & formln","37.88","-1.58","0.023","0.518","-0.041","0.457","4.97"
"2026-02-03T21:21:15.220","First timer","SBC","28.91","1.51","28.65","28.42","28.57","1.22","30.11","56.96","54.77","80.38","textiles","textiles - products","39.04","-14.71","0.485","0.880","0.461","0.855","0.907"
"2026-02-03T21:21:15.220","First timer","CANTABIL","301.55","3.61","293.55","281.11","305.96","1.58","93.07","31.10","62.28","64.19","textiles","textiles - products","32.16","0.444","0.044","0.243","0.018","0.202","2.73"
"2026-02-03T21:21:15.220","First timer","MBAPL","424.45","2.09","415.10","392.80","450.18","2.10","29.31","34.79","58.88","56.98","chemicals","fertilizers","14.04","3.73","-0.119","0.296","-0.139","0.272","2.25"
"2026-02-03T21:21:15.220","First timer","ASIANTILES","73.39","6.97","69.73","68.24","69.16","2.26","26.21","49.72","55.02","59.34","building materials","ceramics - tiles / sanitaryware","15.54","-2.37","0.165","0.435","0.090","0.343","5.25"
"2026-02-03T21:21:15.220","First timer","SHARDACROP","1113.70","-1.17","1090","858.54","1529.44","2.50","17.30","17.96","73.05","68.00","chemicals","pesticides / agrochemicals - indian","28.44","18.82","-0.092","0.662","-0.063","0.685","2.17"
"2026-02-03T21:21:15.220","First timer","NAVINFLUOR","6280.50","6.43","6192","5858.66","5964.52","2.81","54.03","66.53","61.19","64.94","chemicals","chemicals","13.55","-0.803","0.118","0.416","0.058","0.332","1.43"
"2026-02-03T21:21:15.220","First timer","APEX","352.30","19.99","328.05","274.18","322.73","4.30","23.18","40.39","70.29","64.88","fmcg","aquaculture","20.41","3.99","0.426","0.540","0.170","0.286","7.39"
"2026-02-03T21:21:15.220","First timer","HAPPYFORGE","1138","7.66","1080.10","1003.78","1136.83","4.62","36.52","36.71","60.67","61.71","industrials","castings & forgings","29.63","1.14","0.077","0.297","0.017","0.206","5.36"
"2026-02-03T21:21:15.220","First timer","MAYURUNIQ","578.45","7.93","553.10","495.35","596.85","8.91","12.38","13.40","76.83","62.04","consumer discretionary","leather / leather products","21.83","6.37","0.024","-0.032","-0.065","-0.101","4.58"
"2026-02-03T21:21:15.220","First timer","SANGAMIND","486.35","8.86","465","424.96","479.43","10.53","24.97","37.92","64.11","58.90","textiles","textiles - spinning - synthetic / blended","18.70","3.48","0.242","0.111","0.048","0.022","4.59"
"2026-02-03T21:21:15.220","3_day_Check","Symbol","Cmp","%ch3","Lch3","Sl","Target","3d_high","R_vol","Forward pe","Pe","Rsi","Sector","Industry","Adx","%ch y_low","Srs","Ars","Srs y","Ars y","Lc","Low"
"2026-02-03T21:21:15.220","3_day_Check","INDSWFTLAB","113.37","4.35","-6.33","106.81","135.40","118.34","3.80","24.22","2.98","67.47","healthcare","pharmaceuticals - indian - bulk drugs & formln","35.30","0.267","-0.005","0.524","-0.067","0.445","5.90","107.09"
"2026-02-03T21:21:15.220","3_day_Check","EQUITASBNK","66.93","1.53","-5.51","69.68","72.65","71.18","1.03","21.18","-116.58","66.05","bank","banks - private sector","36.61","-2.83","0.090","0.047","0.059","0.042","3.54","67.71"
"2026-02-03T21:21:15.220","3_day_Check","RAIN","162.15","7.12","-3.24","139.86","203.14","165.95","1.87","12.87","-39.60","61.39","miscellaneous","miscellaneous","35.05","10.18","-0.091","0.030","-0.040","0.097","0.532","154.10"
"2026-02-03T21:21:15.220","3_day_Check","GAEL","132.55","1.98","-10.39","137.78","150.26","143.80","0.806","23.01","30.17","60.99","fmcg","miscellaneous","30.27","0.962","0.178","0.186","0.188","0.202","1.37","139.10"
"2026-02-03T21:21:15.220","3_day_Check","GNA","414.10","18.22","-6.18","348.11","393.28","425","0.493","14.24","14.52","60.72","auto","auto ancillaries","28.55","-1.71","0.085","0.039","0.076","0.038","5.07","342.15"
"2026-02-03T21:21:15.220","4_day_Check","Symbol","Cmp","%ch4","Lch4","Target","4d_high","R_vol","Forward pe","Pe","Rsi","Sector","Industry","Adx","%ch y_low","Srs","Ars","Srs y","Ars y","Lc","Low"
"2026-02-03T21:21:15.220","4_day_Check","RAIN","162.15","0.808","-8.94","225.99","169.63","9.75","12.87","-39.60","71.01","miscellaneous","miscellaneous","33.03","3.28","-0.033","0.062","-0.159","-0.065","14.72","143.50"
"2026-02-03T21:21:15.220","4_day_Check","EQUITASBNK","66.93","2.24","-4.84","73.85","71.70","1.95","21.18","-116.58","64.47","bank","banks - private sector","38.72","-2.61","0.066","0.036","0.067","0.035","2.73","67.77"
"2026-02-03T21:21:15.220","4_day_Check","GAEL","132.55","0.849","-11.38","154.34","143.80","1.05","23.01","30.17","63.96","fmcg","miscellaneous","31.19","-0.476","0.197","0.190","0.187","0.155","4.08","137"
"2026-02-03T21:21:15.220","5_day_Check","Symbol","Cmp","%ch5","Lc5","Sl","Target","5d_high","R_vol","Forward pe","Pe","Rsi","Sector","Industry","Adx","%ch y_low","Srs","Ars","Srs y","Ars y","Lc","Low"
"2026-02-03T21:21:15.220","5_day_Check","TMB","597","8.81","-0.516","561.73","596.48","621.90","1.26","7.44","7.70","62.86","bank","banks - private sector","28.97","-0.139","0.174","0.233","0.138","0.203","1.89","560.95"
"2026-02-03T21:21:15.220","5_day_Check","GRAPHITE","624.95","2.44","-13.15","627.79","736.18","677.90","1.32","39.96","48.83","61.40","industrials","electrodes - graphites","20.82","-0.085","0.107","0.315","0.064","0.250","5.50","627.25"
"2026-02-03T21:21:15.220","5_day_Check","CUB","298.50","10.50","-7.43","269.21","343.87","324.10","0.553","16.66","16.86","59.06","bank","banks - private sector","20.39","5.03","0.322","0.464","0.270","0.421","3.73","282.75"
"2026-02-03T21:21:15.220","7_day_Check","Symbol","Cmp","%ch7","Lch7","Sl","Target","7d_high","R_vol","Forward pe","Pe","Rsi","Sector","Industry","Adx","%ch y_low","Srs","Ars","Srs y","Ars y","Lc","Low","%ch_3low"
"2026-02-03T21:21:15.220","7_day_Check","BAJAJCON","356.40","20.99","-2.13","274.17","396.26","370","17.18","25.90","30.20","65.02","fmcg","personal care - indian","21.93","8.09","0.202","0.769","0.108","0.721","3.19","296.35","26.08"
"2026-02-03T21:21:15.220","7_day_Check","UJJIVANSFB","63.89","4.44","-9.61","59.14","80.78","68","8.52","16.64","24.23","70.13","bank","banks - private sector","26.12","3.38","0.341","0.357","0.239","0.336","3.14","61.14","11.37"
"2026-02-03T21:21:15.220","7_day_Check","SBC","28.91","0.639","-18.31","28.57","32.67","30.05","0.900","30.11","56.96","70.76","textiles","textiles - products","30.55","1.50","0.572","1.11","0.588","1.08","2.45","29","10.04"
"2026-02-03T21:21:15.220","7_day_Check","AUTOAXLES","1966.50","3.85","-5.38","1902.00","2115.30","2014","1.03","20.67","18.60","56.66","auto","auto ancillaries","28.68","1.47","-0.058","0.092","-0.046","0.097","0.482","1930","6.67"
"2026-02-03T21:21:15.220","7_day_Check","SEAMECLTD","1230.30","17.10","-2.08","1067.05","1347.40","1325","2.24","7.85","16.99","65.90","miscellaneous","miscellaneous","37.07","4.63","0.248","0.287","0.216","0.285","1.34","1116.50","6.35"
"2026-02-03T21:21:15.220","Mod signal RS","Symbol","Cmp","%ch","Low3","Initial_atr1.5sl","Sl","Target","0d_high","R_vol","Forward pe","Pe","Rsi","W rsi","Sector","Industry","Adx","%ch y_low","Srs","Ars","Srs y","Ars y","%ch_high","%ch sl","Atr%","%ch_3low"
"2026-02-03T21:21:15.220","Mod signal RS","NAVNETEDUL","162.30","16.92","136.25","152.84","137.22","212.45","164.70","14.19","5.23","8.48","66.36","61.47","miscellaneous","printing & stationery","19.68","-1.14","0.009","0.103","-0.154","-0.055","20.88","18.27","5.26","19.12"
"2026-02-03T21:21:15.220","Mod signal RS","INFOBEAN","911.40","7.17","775","797.30","790.45","1153.30","934.65","1.40","28.62","27.33","57.06","70.22","i.t","computers - software - medium / small","33.10","2.05","0.568","1.30","0.405","1.15","15.02","15.30","9.61","17.60"
"2026-02-03T21:21:15.220","Mod signal RS","BALKRISIND","2571.90","12.12","2226.10","2454.23","2348.43","3018.84","2752.50","10.88","32.52","33.80","68.64","59.02","auto","tyres","24.22","-6.48","-0.069","-0.066","-0.187","-0.165","23.65","9.52","4.48","15.53"
"2026-02-03T21:21:15.220","Mod signal RS","MMFL","440.85","9.22","383.30","406.42","399.28","523.99","455.15","1.14","32.13","20.39","61.85","66.51","industrials","castings & forgings","31.96","-4.43","0.195","0.140","0.071","0.046","18.75","10.41","6.23","15.01"
"2026-02-03T21:21:15.220","Mod signal RS","UJJIVANSFB","63.89","3.40","57","59.41","61.96","67.75","65.60","0.938","16.64","24.23","62.38","73.98","bank","banks - private sector","29.41","-4.07","0.338","0.380","0.286","0.336","11.36","3.11","6.04","12.09"
"2026-02-03T21:21:15.220","Mod signal RS","KMEW","1835","4.00","1653.20","1651.29","1650.19","2204.62","1865.30","0.589","44.24","38.64","55.08","64.50","transportation","miscellaneous","20.29","1.69","0.989","1.23","0.904","1.15","11.52","11.20","7.26","11.00"
"2026-02-03T21:21:15.220","Mod signal RS","MIRCELECTR","32.88","4.98","29.88","30.11","30.46","37.71","32.88","0.579","-137","-40.15","59.99","63.39","consumer discretionary","electronics - consumer","22.23","-3.32","0.763","1.15","0.834","1.05","10.04","7.93","5.84","10.04"
"2026-02-03T21:21:15.220","Mod signal RS","CUB","298.50","4.57","271.50","277.88","275.60","344.30","324.10","2.31","16.66","16.86","58.44","72.25","bank","banks - private sector","19.06","0.311","0.266","0.470","0.203","0.408","18.31","8.31","5.95","9.94"
"2026-02-03T21:21:15.220","Mod signal RS","DCBBANK","192.37","2.43","175.34","179.64","190.13","196.85","198","0.821","8.35","8.44","55.47","66.99","bank","banks - private sector","24.28","-5.65","0.346","0.327","0.295","0.298","10.57","1.18","5.61","9.71"
"2026-02-03T21:21:15.220","Mod signal RS","SAIL","154.36","3.83","141.30","145.46","150.50","162.08","156.05","1.48","42.41","22.03","58.95","66.45","metals & mining","steel - large","30.07","-6.41","0.136","0.185","0.083","0.143","10.44","2.57","4.67","9.24"
"2026-02-03T21:21:15.220","Mod signal RS","NAVINFLUOR","6280.50","6.43","5801.50","5944.91","5870.77","7099.95","6443","2.81","54.03","66.53","61.19","64.94","chemicals","chemicals","13.55","-0.803","0.118","0.416","0.058","0.332","11.06","6.98","4.13","8.26"
"2026-02-03T21:21:15.220","Mod signal RS","ASHOKLEY","199.87","2.81","185.52","190.70","190.45","218.72","203","0.895","38.73","19.82","66.45","83.04","auto","automobiles - lcvs / hcvs","54.67","-1.97","0.509","0.612","0.450","0.571","9.42","4.95","3.70","7.74"
"2026-02-03T21:21:15.220","Mod signal RS","SBIN","1064.20","3.45","988.30","1027.11","1047.26","1098.08","1089.80","1.73","11.66","11.47","60.43","75.61","bank","banks - public sector","39.57","-5.50","0.224","0.301","0.182","0.260","10.08","1.62","3.30","7.68"
"2026-02-03T21:21:15.220","Mod signal RS","DREDGECORP","1112.40","2.90","1036.50","993.32","1025.20","1286.80","1135","0.332","-22.78","-114.63","57.86","63.33","miscellaneous","miscellaneous","25.56","3.23","0.548","0.459","0.484","0.420","9.50","8.51","8.47","7.32"
"2026-02-03T21:21:15.220","Mod signal RS","AUTOAXLES","1966.50","1.66","1835","1857.07","1875.20","2149.11","2014","0.909","20.67","18.60","57.21","60.48","auto","auto ancillaries","19.12","-2.46","-0.006","0.093","-0.060","0.076","9.75","4.87","4.26","7.17"
"2026-02-03T21:21:15.220","Mod signal RS","IDFCFIRSTB","84.85","4.48","79.38","81.51","81.08","92.40","85.98","1.31","39.28","42.52","55.76","63.97","bank","banks - private sector","17.73","-2.54","0.127","0.222","0.071","0.172","8.31","4.66","3.15","6.89"
"2026-02-03T21:21:15.220","Mod signal RS","CANTABIL","301.55","3.61","282.30","283.35","281.74","341.16","306","1.58","93.07","31.10","62.28","64.19","textiles","textiles - products","32.16","0.444","0.044","0.243","0.018","0.202","8.40","7.03","4.55","6.82"
"2026-02-03T21:21:15.220","Mod signal RS","NTPC","358.55","2.34","337.50","345.11","344.82","386.00","365.95","1.19","15.84","14.05","62.20","60.43","power & utilities","power generation and supply","26.34","-1.66","-0.010","0.006","-0.035","-0.016","8.35","3.98","3.27","6.24"
"2026-02-03T21:21:15.220","Mod signal RS","JINDALSTEL","1149.70","2.19","1082.70","1098.04","1089.50","1270.09","1170.60","0.851","153.70","57.61","64.34","63.07","metals & mining","steel - large","28.00","1.15","0.059","0.166","0.050","0.142","8.12","5.53","3.66","6.19"
"2026-02-03T21:21:15.220","Mod signal RS","PETRONET","297.40","2.48","280.20","285.75","279.93","332.34","298.95","1.75","13.42","11.86","60.73","58.63","energy","miscellaneous","15.60","0.851","-0.009","-0.102","-0.059","-0.122","6.39","6.24","3.07","6.14"
"2026-02-03T21:21:15.220","Mod signal RS","RAMCOCEM","1134.40","1.98","1069","1087.73","1073.48","1256.24","1151.90","0.839","86.73","71.08","64.12","62.13","building materials","cement - south india","16.25","1.42","-0.100","0.090","-0.132","0.070","6.65","5.68","3.27","6.12"
"2026-02-03T21:21:15.220","Mod signal RS","TATASTEEL","192.93","2.34","182.55","184.57","190.52","197.75","199","1.05","19.37","34.53","57.75","67.04","metals & mining","steel - large","26.51","-4.06","0.113","0.144","0.080","0.120","9.01","1.27","3.68","5.69"
"2026-02-03T21:21:15.220","Mod signal RS","LUPIN","2185.90","2.65","2078.20","2111.58","2126.82","2304.07","2225","1.46","16.89","22.48","58.91","62.75","healthcare","pharmaceuticals - indian - bulk drugs & formln","15.35","-2.81","0.080","0.068","0.035","0.042","7.06","2.78","2.68","5.18"
"2026-02-03T21:21:15.220","Mod signal RS","INDUSTOWER","438.55","1.56","418","418.00","420.07","475.51","450","1.49","15.73","12.17","57.04","61.51","telecom","transmisson line towers / equipment","22.02","0.097","0.178","0.105","0.142","0.090","7.28","4.40","3.67","4.92"
"2026-02-03T21:21:15.220","Mod signal RS","JSWSTEEL","1229.40","2.52","1172.90","1184.72","1198.34","1291.51","1244.70","1.11","35.09","39.29","61.20","63.60","metals & mining","steel - large","18.71","-1.79","0.075","0.178","0.038","0.151","6.02","2.59","2.78","4.82"
"2026-02-03T21:21:15.220","Mod signal RS","FUSION","182.72","1.65","175","171.39","177.44","193.27","185","0.878","-27.03","-1.88","60.78","56.00","financials","finance & investments","22.05","-0.151","0.062","0.003","0.025","-0.012","5.71","2.97","4.23","4.41"
"2026-02-03T21:21:15.220","Mod signal RS","AXISBANK","1356.20","3.41","1302.90","1301.15","1312.23","1444.14","1418.30","1.73","15.01","15.48","60.67","67.25","bank","banks - private sector","22.42","-0.047","0.167","0.083","0.122","0.049","8.86","3.35","3.72","4.09"
"2026-02-03T21:21:15.220","Mod signal RS","TORNTPHARM","4045.60","1.46","3903.90","3900.18","3951.77","4233.27","4104.10","2.03","57.66","62.97","59.46","69.26","healthcare","pharmaceuticals - indian - formulations","25.48","-1.45","0.038","0.232","0.009","0.216","5.13","2.37","2.88","3.63"
"2026-02-03T21:21:15.220","1_day_Check","Symbol","Cmp","%ch1","Lch1","Sl","Target","1d_high","R_vol","Forward pe","Pe","Rsi","Sector","Industry","Adx","%ch y_low","Srs","Ars","Srs y","Ars y","Lc","Low","Atr%","%ch_3low"
"2026-02-03T21:21:15.220","1_day_Check","PFOCUS","257.46","9.77","0.899","213.16","285.42","258.77","1.41","70.73","-50.81","56.55","realty","miscellaneous","20.12","2.53","0.409","1.30","0.384","1.17","7.86","218.56","6.27","8.64"
"2026-02-03T21:21:15.220","Mod 7_day_Check","Symbol","Cmp","%ch7","Lch5","Sl","Target","7d_high","Forward pe","Pe","Rsi","Sector","Industry","Adx","%ch y_low","Srs","Ars","Srs y","Ars y","Lc","Low","%ch sl","%ch sl atr","Atr%","%ch_3low","Bollinger bandwidth"
"2026-02-03T21:21:15.220","Mod 7_day_Check","HINDUNILVR","2368.60","0.502","-4.42","2383.05","2435.95","2434.30","51.81","50.87","56.97","fmcg","personal care - multinational","31.44","-0.262","-0.081","-0.009","-0.103","-0.015","1.38","2376.80","1.11","-1.23","1.98","2.10","4.24"
"2026-02-03T21:21:15.220","7day_signal","Symbol","Cmp","%ch7","Lch5","Sl","Target","7d_high","Forward pe","Pe","Rsi","Sector","Industry","Adx","%ch y_low","Srs","Ars","Srs y","Ars y","Lc","Low","%ch sl","%ch sl atr","Atr%","%ch_3low","Bollinger bandwidth"
"2026-02-03T21:21:15.220","7day_signal","HINDUNILVR","2368.60","0.502","-4.42","2383.05","2435.95","2434.30","51.81","50.87","56.97","fmcg","personal care - multinational","31.44","-0.262","-0.081","-0.009","-0.103","-0.015","1.38","2376.80","1.11","-1.23","1.98","2.10","4.24"
